name,url,cr,type,size,ac,hp,speed,align,legendary,source,str,dex,con,int,wis,cha
dolphin,https://www.aidedd.org/dnd/monstres.php?vo=dolphin,1/8,beast,Medium,12,11,swim,unaligned,,Volo's Guide to Monsters,14.0,13.0,13.0,6.0,12.0,7.0
red-dragon-wyrmling,https://www.aidedd.org/dnd/monstres.php?vo=red-dragon-wyrmling,4,dragon,Medium,17,75,fly,chaotic evil,,Monster Manual (SRD),19.0,10.0,17.0,12.0,11.0,15.0
cambion,,5,fiend,Medium,19,82,fly,any evil alignment,,Monster Manual,,,,,,
laeral-silverhand,https://www.aidedd.org/dnd/monstres.php?vo=laeral-silverhand,17,humanoid (human),Medium,18,228,,chaotic good,,Adventures (Dragon Heist),13.0,17.0,20.0,20.0,20.0,19.0
draft-horse,https://www.aidedd.org/dnd/monstres.php?vo=draft-horse,1/4,beast,Large,10,19,,unaligned,,Monster Manual (SRD),18.0,10.0,12.0,2.0,11.0,7.0
warlord,,12,humanoid (any race),Medium,18,229,,any alignment,Legendary,Volo's Guide to Monsters,,,,,,
hawk,https://www.aidedd.org/dnd/monstres.php?vo=hawk,0,beast,Tiny,13,1,fly,unaligned,,Monster Manual (SRD),5.0,16.0,8.0,2.0,14.0,6.0
rug-of-smothering,https://www.aidedd.org/dnd/monstres.php?vo=rug-of-smothering,2,construct,Large,12,33,,unaligned,,Monster Manual (SRD),17.0,14.0,10.0,1.0,3.0,1.0
skull-lasher-of-myrkul,,1,humanoid (human),Medium,12,32,,neutral evil,,Adventures (Descent into Avernus),,,,,,
neogi,,3,aberration,Small,15,33,,lawful evil,,Volo's Guide to Monsters,,,,,,
yuan-ti-pureblood,https://www.aidedd.org/dnd/monstres.php?vo=yuan-ti-pureblood,1,humanoid (yuan-ti),Medium,11,40,,neutral evil,,Monster Manual (BR),11.0,12.0,11.0,13.0,12.0,14.0
death-s-head-of-bhaal,,5,humanoid (human),Medium,15,76,,chaotic evil,,Adventures (Descent into Avernus),,,,,,
velociraptor,,1/4,beast,Tiny,13,10,,unaligned,,Volo's Guide to Monsters,,,,,,
warrior-lvl-3,,0,humanoid (any race),Medium,16,26,,any alignment,,Essentials Kit,,,,,,
armanite,,7,fiend (demon),Large,16,84,,chaotic evil,,Mordenkainen's Tome of Foes,,,,,,
illusionist,,3,humanoid (any race),Medium,12,38,,any alignment,,Volo's Guide to Monsters,,,,,,
minotaur-skeleton,https://www.aidedd.org/dnd/monstres.php?vo=minotaur-skeleton,2,undead,Large,12,67,,lawful evil,,Monster Manual (SRD),18.0,11.0,15.0,6.0,8.0,5.0
retriever,,14,construct,Large,19,210,,lawful evil,,Mordenkainen's Tome of Foes,,,,,,
sea-spawn,,1,humanoid,Medium,11,32,swim,neutral evil,,Volo's Guide to Monsters,,,,,,
canoloth,,8,fiend (yugoloth),Medium,16,120,,neutral evil,,Mordenkainen's Tome of Foes,,,,,,
troglodyte,https://www.aidedd.org/dnd/monstres.php?vo=troglodyte,1/4,humanoid (troglodyte),Medium,11,13,,chaotic evil,,Monster Manual (BR),14.0,10.0,14.0,6.0,10.0,6.0
bearded-devil,https://www.aidedd.org/dnd/monstres.php?vo=bearded-devil,3,fiend (devil),Medium,13,52,,lawful evil,,Monster Manual (SRD),16.0,15.0,15.0,9.0,11.0,11.0
summer-eladrin,,10,fey (elf),Medium,19,127,,chaotic neutral,,Mordenkainen's Tome of Foes,,,,,,
ghast,https://www.aidedd.org/dnd/monstres.php?vo=ghast,2,undead,Medium,13,36,,chaotic evil,,Monster Manual (SRD),16.0,17.0,10.0,11.0,10.0,8.0
needle-blight,,1/4,plant,Medium,12,11,,neutral evil,,Monster Manual,,,,,,
ogre-battering-ram,,4,giant,Large,14,59,,chaotic evil,,Mordenkainen's Tome of Foes,,,,,,
hydra,https://www.aidedd.org/dnd/monstres.php?vo=hydra,8,monstrosity,Huge,15,172,swim,unaligned,,Monster Manual (SRD),20.0,12.0,20.0,2.0,10.0,7.0
axe-beak,https://www.aidedd.org/dnd/monstres.php?vo=axe-beak,1/4,beast,Large,11,19,,unaligned,,Monster Manual (SRD),14.0,12.0,12.0,2.0,10.0,5.0
oinoloth,,12,fiend (yugoloth),Medium,17,126,,neutral evil,,Mordenkainen's Tome of Foes,,,,,,
adult-kruthik,,2,monstrosity,Medium,18,39,,unaligned,,Mordenkainen's Tome of Foes,,,,,,
young-red-shadow-dragon,,13,dragon,Large,18,178,fly,chaotic evil,,Monster Manual,,,,,,
star-spawn-grue,,1/4,aberration,Small,11,17,,neutral evil,,Mordenkainen's Tome of Foes,,,,,,
ancient-black-dragon,https://www.aidedd.org/dnd/monstres.php?vo=ancient-black-dragon,21,dragon,Gargantuan,22,367,"fly, swim",chaotic evil,Legendary,Monster Manual (SRD),27.0,14.0,25.0,16.0,15.0,19.0
death-dog,https://www.aidedd.org/dnd/monstres.php?vo=death-dog,1,monstrosity,Medium,12,39,,neutral evil,,Monster Manual (SRD),15.0,14.0,14.0,3.0,13.0,6.0
hutijin,,21,fiend (devil),Large,19,200,fly,lawful evil,,Mordenkainen's Tome of Foes,,,,,,
gray-ooze,https://www.aidedd.org/dnd/monstres.php?vo=gray-ooze,1/2,ooze,Medium,8,22,,unaligned,,Monster Manual (SRD),12.0,6.0,16.0,1.0,6.0,2.0
mummified-warrior,https://www.aidedd.org/dnd/monstres.php?vo=mummified-warrior,1/4,undead,Medium,8,19,,neutral,,Extra (AideDD),13.0,6.0,14.0,8.0,6.0,8.0
vegepygmy-chief,,2,plant,Small,14,33,,neutral,,Volo's Guide to Monsters,,,,,,
drider,https://www.aidedd.org/dnd/monstres.php?vo=drider,6,monstrosity,Large,19,123,,chaotic evil,,Monster Manual (SRD),16.0,16.0,18.0,13.0,14.0,12.0
aarakocra,https://www.aidedd.org/dnd/monstres.php?vo=aarakocra,1/4,humanoid (aarakocra),Medium,12,13,fly,neutral good,,Monster Manual (BR),10.0,14.0,10.0,11.0,12.0,11.0
yeti,https://www.aidedd.org/dnd/monstres.php?vo=yeti,3,monstrosity,Large,12,51,,chaotic evil,,Monster Manual (SRD),18.0,13.0,16.0,8.0,12.0,7.0
ancient-green-dragon,https://www.aidedd.org/dnd/monstres.php?vo=ancient-green-dragon,22,dragon,Gargantuan,21,385,"fly, swim",lawful evil,Legendary,Monster Manual (SRD),27.0,12.0,25.0,20.0,17.0,19.0
thorny,,1,plant,Medium,14,27,,neutral,,Volo's Guide to Monsters,,,,,,
uthgardt-shaman,,2,humanoid (human),Medium,13,38,,neutral evil,,Adventures (Storm King's Thunder),,,,,,
thug,https://www.aidedd.org/dnd/monstres.php?vo=thug,1/2,humanoid (any race),Medium,11,32,,any non-good alignment,,Monster Manual (SRD),15.0,11.0,14.0,10.0,10.0,11.0
flail-snail,,3,elemental,Large,16,52,,unaligned,,Volo's Guide to Monsters,,,,,,
adult-gold-dragon,https://www.aidedd.org/dnd/monstres.php?vo=adult-gold-dragon,17,dragon,Huge,19,256,"fly, swim",lawful good,Legendary,Monster Manual (SRD),27.0,14.0,25.0,16.0,15.0,24.0
champion,,9,humanoid (any race),Medium,18,143,,any alignment,,Volo's Guide to Monsters,,,,,,
wild-dog-alpha,https://www.aidedd.org/dnd/monstres.php?vo=wild-dog-alpha,1,beast,Large,12,26,,unaligned,,Extra (Adventurers League),17.0,15.0,13.0,3.0,12.0,8.0
githyanki-warrior,,3,humanoid (gith),Medium,17,49,,lawful evil,,Monster Manual,,,,,,
rakshasa,https://www.aidedd.org/dnd/monstres.php?vo=rakshasa,13,fiend,Medium,16,110,,lawful evil,,Monster Manual (SRD),14.0,17.0,18.0,13.0,16.0,20.0
manshoon,,13,humanoid (human),Medium,19,126,,lawful evil,,Adventures (Dragon Heist),,,,,,
neothelid,,13,aberration,Gargantuan,16,325,,chaotic evil,,Volo's Guide to Monsters,,,,,,
reaper-of-bhaal,,2,humanoid (human),Medium,15,27,,chaotic evil,,Adventures (Descent into Avernus),,,,,,
plesiosaurus,https://www.aidedd.org/dnd/monstres.php?vo=plesiosaurus,2,beast,Large,13,68,swim,unaligned,,Monster Manual (SRD),18.0,15.0,16.0,2.0,12.0,5.0
flumph,,1/8,aberration,Small,12,7,fly,lawful good,,Monster Manual,,,,,,
giant-elk,https://www.aidedd.org/dnd/monstres.php?vo=giant-elk,2,beast,Huge,14,42,,unaligned,,Monster Manual (SRD),19.0,16.0,14.0,7.0,14.0,10.0
young-kruthik,,1/8,monstrosity,Small,16,9,,unaligned,,Mordenkainen's Tome of Foes,,,,,,
guard,https://www.aidedd.org/dnd/monstres.php?vo=guard,1/8,humanoid (any race),Medium,16,11,,any alignment,,Monster Manual (SRD),13.0,12.0,12.0,10.0,11.0,10.0
blue-dragon-wyrmling,https://www.aidedd.org/dnd/monstres.php?vo=blue-dragon-wyrmling,3,dragon,Medium,17,52,fly,lawful evil,,Monster Manual (SRD),17.0,10.0,15.0,12.0,11.0,15.0
young-gold-dragon,https://www.aidedd.org/dnd/monstres.php?vo=young-gold-dragon,10,dragon,Large,18,178,"fly, swim",lawful good,,Monster Manual (SRD),23.0,14.0,21.0,16.0,13.0,20.0
bheur-hag,,7,fey,Medium,17,91,,chaotic evil,,Volo's Guide to Monsters,,,,,,
homunculus,https://www.aidedd.org/dnd/monstres.php?vo=homunculus,0,construct,Tiny,13,5,fly,neutral,,Monster Manual (SRD),4.0,15.0,11.0,10.0,10.0,7.0
young-silver-dragon,https://www.aidedd.org/dnd/monstres.php?vo=young-silver-dragon,9,dragon,Large,18,168,fly,lawful good,,Monster Manual (SRD),23.0,10.0,21.0,14.0,11.0,19.0
saber-toothed-tiger,https://www.aidedd.org/dnd/monstres.php?vo=saber-toothed-tiger,2,beast,Large,12,52,,unaligned,,Monster Manual (SRD),18.0,14.0,15.0,3.0,12.0,8.0
demogorgon,,26,fiend (demon),Huge,22,406,swim,chaotic evil,,Mordenkainen's Tome of Foes,,,,,,
allosaurus,https://www.aidedd.org/dnd/monstres.php?vo=allosaurus,2,beast,Large,13,51,,unaligned,,Monster Manual (SRD),19.0,13.0,17.0,2.0,12.0,5.0
succubus,https://www.aidedd.org/dnd/monstres.php?vo=succubus,4,fiend (shapechanger),Medium,15,66,fly,neutral evil,,Monster Manual (SRD),8.0,17.0,13.0,15.0,12.0,20.0
adult-green-dragon,https://www.aidedd.org/dnd/monstres.php?vo=adult-green-dragon,15,dragon,Huge,19,207,"fly, swim",lawful evil,Legendary,Monster Manual (SRD),23.0,12.0,21.0,18.0,15.0,17.0
sea-horse,https://www.aidedd.org/dnd/monstres.php?vo=sea-horse,0,beast,Tiny,11,1,swim,unaligned,,Monster Manual (SRD),1.0,12.0,8.0,1.0,10.0,2.0
gas-spore,,1/2,plant,Large,5,1,fly,unaligned,,Monster Manual,,,,,,
polar-bear,https://www.aidedd.org/dnd/monstres.php?vo=polar-bear,2,beast,Large,12,42,swim,unaligned,,Monster Manual (SRD),20.0,10.0,16.0,2.0,13.0,7.0
expert-lvl-1,,0,humanoid (any race),Medium,14,11,,any alignment,,Essentials Kit,,,,,,
orc-hand-of-yurtrus,,2,humanoid (orc),Medium,12,30,,chaotic evil,,Volo's Guide to Monsters,,,,,,
boar,https://www.aidedd.org/dnd/monstres.php?vo=boar,1/4,beast,Medium,11,11,,unaligned,,Monster Manual (SRD),13.0,11.0,12.0,2.0,9.0,5.0
spectator,https://www.aidedd.org/dnd/monstres.php?vo=spectator,3,aberration,Medium,14,39,fly,lawful neutral,,Monster Manual,8.0,14.0,14.0,13.0,14.0,11.0
dimetrodon,,1/4,beast,Medium,12,19,swim,unaligned,,Adventures (Tomb of Annihilation),,,,,,
fire-giant,https://www.aidedd.org/dnd/monstres.php?vo=fire-giant,9,giant,Huge,18,162,,lawful evil,,Monster Manual (SRD),25.0,9.0,23.0,10.0,14.0,13.0
giant-wolf-spider,https://www.aidedd.org/dnd/monstres.php?vo=giant-wolf-spider,1/4,beast,Medium,13,11,,unaligned,,Monster Manual (SRD),12.0,16.0,13.0,3.0,12.0,4.0
giant-centipede,https://www.aidedd.org/dnd/monstres.php?vo=giant-centipede,1/4,beast,Small,13,4,,unaligned,,Monster Manual (SRD),5.0,14.0,12.0,1.0,7.0,3.0
shadow-mastiff,,2,monstrosity,Medium,12,33,,neutral evil,,Volo's Guide to Monsters,,,,,,
necromancer,,9,humanoid (any race),Medium,12,66,,any alignment,,Volo's Guide to Monsters,,,,,,
choldrith,,3,monstrosity,Medium,15,66,,chaotic evil,,Volo's Guide to Monsters,,,,,,
swarm-of-cranium-rats,,5,swarm of Tiny beasts,Medium,12,36,,lawful evil,,Volo's Guide to Monsters,,,,,,
ettercap,https://www.aidedd.org/dnd/monstres.php?vo=ettercap,2,monstrosity,Medium,13,44,,neutral evil,,Monster Manual (SRD),14.0,15.0,13.0,7.0,12.0,8.0
githzerai-enlightned,,10,humanoid (gith),Medium,18,112,,lawful neutral,,Mordenkainen's Tome of Foes,,,,,,
gazer,,1/2,aberration,Tiny,13,13,fly,neutral evil,,Volo's Guide to Monsters,,,,,,
zuggtmoy,,23,fiend (demon),Large,18,304,,chaotic evil,,Mordenkainen's Tome of Foes,,,,,,
cadaver-collector,,14,construct,Large,17,189,,lawful evil,,Mordenkainen's Tome of Foes,,,,,,
satyr,https://www.aidedd.org/dnd/monstres.php?vo=satyr,1/2,fey,Medium,14,31,,chaotic neutral,,Monster Manual (SRD),12.0,16.0,11.0,12.0,10.0,14.0
rhinoceros,https://www.aidedd.org/dnd/monstres.php?vo=rhinoceros,2,beast,Large,11,45,,unaligned,,Monster Manual (SRD),21.0,8.0,15.0,2.0,12.0,6.0
drow-arachnomancer,,13,humanoid (elf),Medium,15,162,,chaotic evil,,Mordenkainen's Tome of Foes,,,,,,
lion,https://www.aidedd.org/dnd/monstres.php?vo=lion,1,beast,Large,12,26,,unaligned,,Monster Manual (SRD),17.0,15.0,13.0,3.0,12.0,8.0
wastrilith,,13,fiend (demon),Large,18,157,swim,chaotic evil,,Mordenkainen's Tome of Foes,,,,,,
gnoll,https://www.aidedd.org/dnd/monstres.php?vo=gnoll,1/2,humanoid (gnoll),Medium,15,22,,chaotic evil,,Monster Manual (SRD),14.0,12.0,11.0,6.0,10.0,7.0
ancient-copper-dragon,https://www.aidedd.org/dnd/monstres.php?vo=ancient-copper-dragon,21,dragon,Gargantuan,21,350,fly,chaotic good,Legendary,Monster Manual (SRD),27.0,12.0,25.0,20.0,17.0,19.0
githzerai-anarch,,16,humanoid (gith),Medium,20,144,fly,lawful neutral,,Mordenkainen's Tome of Foes,,,,,,
medusa,https://www.aidedd.org/dnd/monstres.php?vo=medusa,6,monstrosity,Medium,15,127,,lawful evil,,Monster Manual (SRD),10.0,15.0,16.0,12.0,13.0,15.0
master-of-souls,,4,humanoid (human),Medium,12,45,,neutral evil,,Adventures (Descent into Avernus),,,,,,
bael,,19,fiend (devil),Large,18,189,,lawful evil,,Mordenkainen's Tome of Foes,,,,,,
master-thief,,5,humanoid (any race),Medium,16,84,,any alignment,,Volo's Guide to Monsters,,,,,,
the-lonely,,9,monstrosity,Medium,16,112,,neutral evil,,Mordenkainen's Tome of Foes,,,,,,
assassin,https://www.aidedd.org/dnd/monstres.php?vo=assassin,8,humanoid (any race),Medium,15,78,,any non-good alignment,,Monster Manual (SRD),11.0,16.0,14.0,13.0,11.0,10.0
darkling,,1/2,fey,Small,14,13,,chaotic neutral,,Volo's Guide to Monsters,,,,,,
gnoll-pack-lord,https://www.aidedd.org/dnd/monstres.php?vo=gnoll-pack-lord,2,humanoid (gnoll),Medium,15,49,,chaotic evil,,Monster Manual (BR),16.0,14.0,13.0,8.0,11.0,9.0
fire-snake,https://www.aidedd.org/dnd/monstres.php?vo=fire-snake,1,elemental,Medium,14,22,,neutral evil,,Monster Manual (BR),12.0,14.0,11.0,7.0,10.0,8.0
phase-spider,https://www.aidedd.org/dnd/monstres.php?vo=phase-spider,3,monstrosity,Large,13,32,,unaligned,,Monster Manual (SRD),15.0,15.0,12.0,6.0,10.0,6.0
the-wretched,,1/4,monstrosity,Small,15,10,,neutral evil,,Mordenkainen's Tome of Foes,,,,,,
rust-monster,https://www.aidedd.org/dnd/monstres.php?vo=rust-monster,1/2,monstrosity,Medium,14,27,,unaligned,,Monster Manual (SRD),13.0,12.0,13.0,2.0,13.0,6.0
worg,https://www.aidedd.org/dnd/monstres.php?vo=worg,1/2,monstrosity,Large,13,26,,neutral evil,,Monster Manual (SRD),16.0,13.0,13.0,7.0,11.0,8.0
quasit,https://www.aidedd.org/dnd/monstres.php?vo=quasit,1,"fiend (demon, shapechanger)",Tiny,13,7,,chaotic evil,,Monster Manual (SRD),5.0,17.0,10.0,7.0,10.0,10.0
froghemoth,https://www.aidedd.org/dnd/monstres.php?vo=froghemoth,10,monstrosity,Huge,14,184,swim,unaligned,,Volo's Guide to Monsters,23.0,13.0,20.0,2.0,12.0,5.0
crocodile,https://www.aidedd.org/dnd/monstres.php?vo=crocodile,1/2,beast,Large,12,19,swim,unaligned,,Monster Manual (SRD),15.0,10.0,13.0,2.0,10.0,5.0
mouth-of-grolantor,,6,giant (hill giant),Huge,14,105,,chaotic evil,,Volo's Guide to Monsters,,,,,,
alkilith,,11,fiend (demon),Medium,17,157,,chaotic evil,,Mordenkainen's Tome of Foes,,,,,,
amnizu,,18,fiend (devil),Medium,21,202,fly,lawful evil,,Mordenkainen's Tome of Foes,,,,,,
elk,https://www.aidedd.org/dnd/monstres.php?vo=elk,1/4,beast,Large,10,13,,unaligned,,Monster Manual (SRD),16.0,10.0,12.0,2.0,10.0,6.0
goblin-boss,,1,humanoid (goblinoid),Small,17,21,,neutral evil,,Monster Manual,,,,,,
war-priest,,9,humanoid (any race),Medium,18,117,,any alignment,,Volo's Guide to Monsters,,,,,,
banderhobb,,5,monstrosity,Large,15,84,,neutral evil,,Volo's Guide to Monsters,,,,,,
green-dragon-wyrmling,https://www.aidedd.org/dnd/monstres.php?vo=green-dragon-wyrmling,2,dragon,Medium,17,38,"fly, swim",lawful evil,,Monster Manual (SRD),15.0,12.0,13.0,14.0,11.0,13.0
eidolon,,12,undead,Medium,9,63,fly,any alignment,,Mordenkainen's Tome of Foes,,,,,,
marut,,25,construct (inevitable),Large,22,432,fly,lawful neutral,,Mordenkainen's Tome of Foes,,,,,,
wereboar,https://www.aidedd.org/dnd/monstres.php?vo=wereboar,4,"humanoid (human, shapechanger)",Medium,10,78,,neutral evil,,Monster Manual (SRD),17.0,10.0,15.0,10.0,11.0,8.0
pteranodon,https://www.aidedd.org/dnd/monstres.php?vo=pteranodon,1/4,beast,Medium,13,13,fly,unaligned,,Monster Manual (SRD),12.0,15.0,10.0,2.0,9.0,5.0
young-bronze-dragon,https://www.aidedd.org/dnd/monstres.php?vo=young-bronze-dragon,8,dragon,Large,18,142,"fly, swim",lawful good,,Monster Manual (SRD),21.0,10.0,19.0,14.0,13.0,17.0
kruthik-hive-lord,,5,monstrosity,Large,20,102,,unaligned,,Mordenkainen's Tome of Foes,,,,,,
darkling-elder,,2,fey,Medium,15,27,,chaotic neutral,,Volo's Guide to Monsters,,,,,,
red-slaad,,5,aberration,Large,14,93,,chaotic neutral,,Monster Manual,,,,,,
octopus,https://www.aidedd.org/dnd/monstres.php?vo=octopus,0,beast,Small,12,3,swim,unaligned,,Monster Manual (SRD),4.0,15.0,11.0,3.0,10.0,4.0
mastiff,https://www.aidedd.org/dnd/monstres.php?vo=mastiff,1/8,beast,Medium,12,5,,unaligned,,Monster Manual (SRD),13.0,14.0,12.0,3.0,12.0,7.0
aboleth,https://www.aidedd.org/dnd/monstres.php?vo=aboleth,10,aberration,Large,17,135,swim,lawful evil,Legendary,Monster Manual (SRD),21.0,9.0,15.0,18.0,15.0,18.0
darkmantle,https://www.aidedd.org/dnd/monstres.php?vo=darkmantle,1/2,monstrosity,Small,11,22,fly,unaligned,,Monster Manual (SRD),16.0,12.0,13.0,2.0,10.0,5.0
iron-cobra,,4,construct,Medium,13,45,,unaligned,,Mordenkainen's Tome of Foes,,,,,,
weasel,https://www.aidedd.org/dnd/monstres.php?vo=weasel,0,beast,Tiny,13,1,,unaligned,,Monster Manual (SRD),3.0,16.0,8.0,2.0,12.0,3.0
drow-favored-consort,,18,humanoid (elf),Medium,15,225,,neutral evil,,Mordenkainen's Tome of Foes,,,,,,
death-knight,,17,undead,Medium,20,180,,chaotic evil,,Monster Manual,,,,,,
quaggoth,,2,humanoid (quaggoth),Medium,13,45,,chaotic neutral,,Monster Manual,,,,,,
cyclops,https://www.aidedd.org/dnd/monstres.php?vo=cyclops,6,giant,Huge,14,138,,chaotic neutral,,Monster Manual (SRD),22.0,11.0,20.0,8.0,6.0,10.0
cloud-giant,https://www.aidedd.org/dnd/monstres.php?vo=cloud-giant,9,giant,Huge,14,200,,neutral good ,,Monster Manual (SRD),27.0,10.0,22.0,12.0,16.0,16.0
cave-fisher,,3,monstrosity,Medium,16,58,,unaligned,,Volo's Guide to Monsters,,,,,,
jaculi,,1/2,beast,Large,14,16,,unaligned,,Adventures (Tomb of Annihilation),,,,,,
zariel,https://www.aidedd.org/dnd/monstres.php?vo=zariel,26,fiend (devil),Large,21,580,fly,lawful evil,Legendary,Mordenkainen's Tome of Foes,27.0,24.0,28.0,26.0,27.0,30.0
vine-blight,,1/2,plant,Medium,12,26,,neutral evil,,Monster Manual,,,,,,
young-blue-dragon,https://www.aidedd.org/dnd/monstres.php?vo=young-blue-dragon,9,dragon,Large,18,152,fly,lawful evil,,Monster Manual (SRD),21.0,10.0,19.0,14.0,13.0,17.0
firenewt-warrior,,1/2,humanoid (firenewt),Medium,16,22,,neutral evil,,Volo's Guide to Monsters,,,,,,
werebear,https://www.aidedd.org/dnd/monstres.php?vo=werebear,5,"humanoid (human, shapechanger)",Medium,10,135,,neutral good,,Monster Manual (SRD),19.0,10.0,17.0,11.0,12.0,12.0
neogi-hatchling,,1/8,aberration,Tiny,11,7,,lawful evil,,Volo's Guide to Monsters,,,,,,
gorgon,https://www.aidedd.org/dnd/monstres.php?vo=gorgon,5,monstrosity,Large,19,114,,unaligned,,Monster Manual (SRD),20.0,11.0,18.0,2.0,12.0,7.0
baphomet,,23,fiend (demon),Huge,22,275,,chaotic evil,,Mordenkainen's Tome of Foes,,,,,,
chain-devil,https://www.aidedd.org/dnd/monstres.php?vo=chain-devil,8,fiend (devil),Medium,16,85,,lawful evil,,Monster Manual (SRD),18.0,15.0,18.0,11.0,12.0,14.0
atropal,,13,undead (titan),Huge,7,225,fly,neutral evil,,Adventures (Tomb of Annihilation),,,,,,
mule,https://www.aidedd.org/dnd/monstres.php?vo=mule,1/8,beast,Medium,10,11,,unaligned,,Monster Manual (SRD),14.0,10.0,13.0,2.0,10.0,5.0
derro-savant,,3,humanoid (derro),Small,13,36,,chaotic evil,,Mordenkainen's Tome of Foes,,,,,,
ogre-zombie,https://www.aidedd.org/dnd/monstres.php?vo=ogre-zombie,2,undead,Large,8,85,,neutral evil,,Monster Manual (SRD),19.0,6.0,18.0,3.0,6.0,5.0
green-abishai,,15,fiend (devil),Medium,18,187,fly,lawful evil,,Mordenkainen's Tome of Foes,,,,,,
the-hungry,,11,monstrosity,Medium,17,225,,neutral evil,,Mordenkainen's Tome of Foes,,,,,,
salamander,https://www.aidedd.org/dnd/monstres.php?vo=salamander,5,elemental,Large,15,90,,neutral evil,,Monster Manual (SRD),18.0,14.0,15.0,11.0,10.0,12.0
ultroloth,,13,fiend (yugoloth),Medium,19,153,fly,neutral evil,,Monster Manual,,,,,,
drow-house-captain,https://www.aidedd.org/dnd/monstres.php?vo=drow-house-captain,9,humanoid (elf),Medium,16,162,,neutral evil,,Mordenkainen's Tome of Foes,14.0,19.0,15.0,12.0,14.0,13.0
myconid-adult,,1/2,plant,Medium,12,22,,lawful neutral,,Monster Manual,,,,,,
duergar-kavalrachni,,2,humanoid (dwarf),Medium,16,26,,lawful evil,,Mordenkainen's Tome of Foes,,,,,,
orc-eye-of-gruumsh,https://www.aidedd.org/dnd/monstres.php?vo=orc-eye-of-gruumsh,2,humanoid (orc),Medium,16,45,,chaotic evil,,Monster Manual (BR),16.0,12.0,16.0,9.0,13.0,12.0
berbalang,,2,aberration,Medium,14,38,fly,neutral evil,,Mordenkainen's Tome of Foes,,,,,,
grung,,1/4,humanoid (grung),Small,12,11,,lawful evil,,Volo's Guide to Monsters,,,,,,
star-spawn-larva-mage,,16,aberration,Medium,16,168,,chaotic evil,,Mordenkainen's Tome of Foes,,,,,,
dybbuk,,4,fiend (demon),Medium,14,37,fly,chaotic evil,,Mordenkainen's Tome of Foes,,,,,,
helmed-horror,https://www.aidedd.org/dnd/monstres.php?vo=helmed-horror,4,construct,Medium,20,60,fly,neutral,,Monster Manual (BR),18.0,13.0,16.0,10.0,10.0,10.0
grung-wildling,,1,humanoid (grung),Small,13,27,,lawful evil,,Volo's Guide to Monsters,,,,,,
young-white-dragon,https://www.aidedd.org/dnd/monstres.php?vo=young-white-dragon,6,dragon,Large,17,133,"fly, swim",chaotic evil,,Monster Manual (SRD),18.0,10.0,18.0,6.0,11.0,12.0
kamadan,,4,monstrosity,Large,13,67,,unaligned,,Adventures (Tomb of Annihilation),,,,,,
giant-vulture,https://www.aidedd.org/dnd/monstres.php?vo=giant-vulture,1,beast,Large,10,22,fly,neutral evil,,Monster Manual (SRD),15.0,10.0,15.0,6.0,12.0,7.0
trapper,,3,monstrosity,Large,13,85,,unaligned,,Volo's Guide to Monsters,,,,,,
wild-dog,https://www.aidedd.org/dnd/monstres.php?vo=wild-dog,1/8,beast,Medium,12,5,,unaligned,,Extra (Adventurers League),13.0,14.0,12.0,3.0,12.0,7.0
abominable-yeti,,9,monstrosity,Huge,15,137,,chaotic evil,,Monster Manual,,,,,,
ulitharid,,9,aberration,Large,15,127,,lawful evil,,Volo's Guide to Monsters,,,,,,
glabrezu,https://www.aidedd.org/dnd/monstres.php?vo=glabrezu,9,fiend (demon),Large,17,157,,chaotic evil,,Monster Manual (SRD),20.0,15.0,21.0,19.0,17.0,16.0
adult-bronze-dragon,https://www.aidedd.org/dnd/monstres.php?vo=adult-bronze-dragon,15,dragon,Huge,19,212,"fly, swim",lawful good,Legendary,Monster Manual (SRD),25.0,10.0,23.0,16.0,15.0,19.0
tiamat,,30,fiend,Gargantuan,25,615,fly,chaotic evil,,Adventures (Tyranny of Dragons),,,,,,
tiger,https://www.aidedd.org/dnd/monstres.php?vo=tiger,1,beast,Large,12,37,,unaligned,,Monster Manual (SRD),17.0,15.0,14.0,3.0,12.0,8.0
remorhaz,https://www.aidedd.org/dnd/monstres.php?vo=remorhaz,11,monstrosity,Huge,17,195,,unaligned,,Monster Manual (SRD),24.0,13.0,21.0,4.0,10.0,5.0
kenku,https://www.aidedd.org/dnd/monstres.php?vo=kenku,1/4,humanoid (kenku),Medium,13,13,,chaotic neutral,,Monster Manual (BR),10.0,16.0,10.0,11.0,10.0,10.0
ancient-gold-dragon,https://www.aidedd.org/dnd/monstres.php?vo=ancient-gold-dragon,24,dragon,Gargantuan,22,546,"fly, swim",lawful good,Legendary,Monster Manual (SRD),30.0,14.0,29.0,18.0,17.0,28.0
hill-giant,https://www.aidedd.org/dnd/monstres.php?vo=hill-giant,5,giant,Huge,13,105,,chaotic evil,,Monster Manual (SRD),21.0,8.0,19.0,5.0,9.0,6.0
knight,https://www.aidedd.org/dnd/monstres.php?vo=knight,3,humanoid (any race),Medium,18,52,,any alignment,,Monster Manual (SRD),16.0,11.0,14.0,11.0,11.0,15.0
githyanki-kith--rak,,12,humanoid (gith),Medium,18,180,,lawful evil,,Mordenkainen's Tome of Foes,,,,,,
allip,,5,undead,Medium,13,40,fly,neutral evil,,Mordenkainen's Tome of Foes,,,,,,
phoenix,,16,elemental,Gargantuan,18,175,fly,neutral,,Mordenkainen's Tome of Foes,,,,,,
hulking-crab,,5,beast,Huge,17,76,swim,unaligned,,Adventures (Storm King's Thunder),,,,,,
hook-horror,https://www.aidedd.org/dnd/monstres.php?vo=hook-horror,3,monstrosity,Large,15,75,,neutral,,Monster Manual (BR),18.0,10.0,15.0,6.0,12.0,7.0
kobold,https://www.aidedd.org/dnd/monstres.php?vo=kobold,1/8,humanoid (kobold),Small,12,5,,lawful evil,,Monster Manual (SRD),7.0,15.0,9.0,8.0,7.0,8.0
death-kiss,,10,aberration,Large,16,161,fly,neutral evil,,Volo's Guide to Monsters,,,,,,
giant-sea-horse,https://www.aidedd.org/dnd/monstres.php?vo=giant-sea-horse,1/2,beast,Large,13,16,swim,unaligned,,Monster Manual (SRD),12.0,15.0,11.0,2.0,12.0,5.0
giant-owl,https://www.aidedd.org/dnd/monstres.php?vo=giant-owl,1/4,beast,Large,12,19,fly,neutral,,Monster Manual (SRD),13.0,15.0,12.0,8.0,13.0,10.0
ancient-red-dragon,https://www.aidedd.org/dnd/monstres.php?vo=ancient-red-dragon,24,dragon,Gargantuan,22,546,fly,chaotic evil,Legendary,Monster Manual (SRD),30.0,10.0,29.0,18.0,15.0,23.0
copper-dragon-wyrmling,https://www.aidedd.org/dnd/monstres.php?vo=copper-dragon-wyrmling,1,dragon,Medium,16,22,fly,chaotic good,,Monster Manual (SRD),15.0,12.0,13.0,14.0,11.0,13.0
giant-lizard,https://www.aidedd.org/dnd/monstres.php?vo=giant-lizard,1/4,beast,Large,12,19,,unaligned,,Monster Manual (SRD),15.0,12.0,13.0,2.0,10.0,5.0
giant-boar,https://www.aidedd.org/dnd/monstres.php?vo=giant-boar,2,beast,Large,12,42,,unaligned,,Monster Manual (SRD),17.0,10.0,16.0,2.0,7.0,5.0
hellfire-engine,,16,construct,Huge,18,216,,lawful evil,,Mordenkainen's Tome of Foes,,,,,,
orc-red-fang-of-shargaas,,3,humanoid (orc),Medium,15,52,,chaotic evil,,Volo's Guide to Monsters,,,,,,
yellow-musk-zombie,,1/4,undead,Medium,9,33,,unaligned,,Adventures (Tomb of Annihilation),,,,,,
venerable-shadow,https://www.aidedd.org/dnd/monstres.php?vo=venerable-shadow,2,undead,Medium,13,27,,chaotic evil,,Extra (AideDD),6.0,16.0,13.0,6.0,12.0,10.0
gladiator,https://www.aidedd.org/dnd/monstres.php?vo=gladiator,5,humanoid (any race),Medium,16,112,,any alignment,,Monster Manual (SRD),18.0,15.0,16.0,10.0,12.0,15.0
belaphoss,https://www.aidedd.org/dnd/monstres.php?vo=belaphoss,20,fiend (demon),Huge,19,262,fly,chaotic evil,,Extra (Dragon Mag),26.0,15.0,22.0,20.0,16.0,22.0
leucrotta,,3,monstrosity,Large,14,67,,chaotic evil,,Volo's Guide to Monsters,,,,,,
mud-mephit,https://www.aidedd.org/dnd/monstres.php?vo=mud-mephit,1/4,elemental,Small,11,27,"fly, swim",neutral evil,,Monster Manual (SRD),8.0,12.0,12.0,9.0,11.0,7.0
elder-oblex,,10,ooze,Huge,16,115,,lawful evil,,Mordenkainen's Tome of Foes,,,,,,
bone-naga,,4,undead,Large,15,58,,lawful evil,,Monster Manual,,,,,,
young-remorhaz,,5,monstrosity,Large,14,93,,unaligned,,Monster Manual,,,,,,
magma-mephit,https://www.aidedd.org/dnd/monstres.php?vo=magma-mephit,1/2,elemental,Small,11,22,fly,neutral evil,,Monster Manual (SRD),8.0,12.0,12.0,7.0,10.0,10.0
barlgura,https://www.aidedd.org/dnd/monstres.php?vo=barlgura,5,fiend (demon),Large,15,68,,chaotic evil,,Monster Manual (BR),18.0,15.0,16.0,7.0,14.0,9.0
jackalwere,https://www.aidedd.org/dnd/monstres.php?vo=jackalwere,1/2,humanoid (shapechanger),Medium,12,18,,chaotic evil,,Monster Manual (BR),11.0,15.0,11.0,13.0,11.0,10.0
expert-lvl-4,,0,humanoid (any race),Medium,14,27,,any alignment,,Essentials Kit,,,,,,
warhorse-skeleton,https://www.aidedd.org/dnd/monstres.php?vo=warhorse-skeleton,1/2,undead,Large,13,22,,lawful evil,,Monster Manual (SRD),18.0,12.0,15.0,2.0,8.0,5.0
invisible-stalker,https://www.aidedd.org/dnd/monstres.php?vo=invisible-stalker,6,elemental,Medium,14,104,fly,neutral,,Monster Manual (SRD),16.0,19.0,14.0,10.0,15.0,11.0
black-abishai,,7,fiend (devil),Medium,15,58,fly,lawful evil,,Mordenkainen's Tome of Foes,,,,,,
death-tyrant,,14,undead,Large,19,187,fly,lawful evil,Legendary,Monster Manual,,,,,,
spirit-naga,https://www.aidedd.org/dnd/monstres.php?vo=spirit-naga,8,monstrosity,Large,15,75,,chaotic evil,,Monster Manual (SRD),18.0,17.0,14.0,16.0,15.0,16.0
stegosaurus,,4,beast,Huge,13,76,,unaligned,,Adventures (Tomb of Annihilation),,,,,,
fire-elemental,https://www.aidedd.org/dnd/monstres.php?vo=fire-elemental,5,elemental,Large,13,102,,neutral,,Monster Manual (SRD),10.0,17.0,16.0,6.0,10.0,7.0
deer,https://www.aidedd.org/dnd/monstres.php?vo=deer,0,beast,Medium,13,4,,unaligned,,Monster Manual (SRD),11.0,16.0,11.0,2.0,14.0,5.0
drow,https://www.aidedd.org/dnd/monstres.php?vo=drow,1/4,humanoid (elf),Medium,15,13,,neutral evil,,Monster Manual (SRD),10.0,14.0,10.0,11.0,11.0,12.0
twig-blight,https://www.aidedd.org/dnd/monstres.php?vo=twig-blight,1/8,plant,Small,13,4,,neutral evil,,Monster Manual (SRD),6.0,13.0,12.0,4.0,8.0,3.0
half-ogre,https://www.aidedd.org/dnd/monstres.php?vo=half-ogre,1,giant,Large,12,30,,any chaotic alignment,,Monster Manual (BR),17.0,10.0,14.0,7.0,9.0,10.0
sahuagin-priestess,,2,humanoid (sahuagin),Medium,12,33,swim,lawful evil,,Monster Manual,,,,,,
blink-dog,https://www.aidedd.org/dnd/monstres.php?vo=blink-dog,1/4,fey,Medium,13,22,,lawful good,,Monster Manual (SRD),12.0,17.0,12.0,10.0,13.0,11.0
black-gauntlet-of-bane,,6,humanoid (human),Medium,16,51,,lawful evil,,Adventures (Descent into Avernus),,,,,,
giant-strider,,1,monstrosity,Large,14,22,,neutral evil,,Volo's Guide to Monsters,,,,,,
ogre-chain-brute,,3,giant,Large,11,59,,chaotic evil,,Mordenkainen's Tome of Foes,,,,,,
boneclaw,,12,undead,Large,16,127,,chaotic evil,,Mordenkainen's Tome of Foes,,,,,,
deathlock-wight,,3,undead,Medium,12,37,,neutral evil,,Mordenkainen's Tome of Foes,,,,,,
shoosuva,,8,fiend (demon),Large,14,110,,chaotic evil,,Volo's Guide to Monsters,,,,,,
roc,https://www.aidedd.org/dnd/monstres.php?vo=roc,11,monstrosity,Gargantuan,15,248,fly,unaligned,,Monster Manual (SRD),28.0,10.0,20.0,3.0,10.0,9.0
ancient-bronze-dragon,https://www.aidedd.org/dnd/monstres.php?vo=ancient-bronze-dragon,22,dragon,Gargantuan,22,444,"fly, swim",lawful good,Legendary,Monster Manual (SRD),29.0,10.0,27.0,18.0,17.0,21.0
dire-wolf,https://www.aidedd.org/dnd/monstres.php?vo=dire-wolf,1,beast,Large,14,37,,unaligned,,Monster Manual (SRD),17.0,15.0,15.0,3.0,12.0,7.0
archmage,https://www.aidedd.org/dnd/monstres.php?vo=archmage,12,humanoid (any race),Medium,12,99,,any alignment,,Monster Manual (SRD),10.0,14.0,12.0,20.0,15.0,16.0
transmuter,,5,humanoid (any race),Medium,12,40,,any alignment,,Volo's Guide to Monsters,,,,,,
grick,https://www.aidedd.org/dnd/monstres.php?vo=grick,2,monstrosity,Medium,14,27,,neutral,,Monster Manual (SRD),14.0,14.0,11.0,3.0,14.0,5.0
iron-golem,https://www.aidedd.org/dnd/monstres.php?vo=iron-golem,16,construct,Large,20,210,,unaligned,,Monster Manual (SRD),24.0,9.0,20.0,3.0,11.0,1.0
balor,https://www.aidedd.org/dnd/monstres.php?vo=balor,19,fiend (demon),Huge,19,262,fly,chaotic evil,,Monster Manual (SRD),26.0,15.0,22.0,20.0,16.0,22.0
troll,https://www.aidedd.org/dnd/monstres.php?vo=troll,5,giant,Large,15,84,,chaotic evil,,Monster Manual (SRD),18.0,13.0,20.0,7.0,9.0,7.0
alhoon,,10,undead,Medium,15,120,,any evil alignment,,Volo's Guide to Monsters,,,,,,
gelatinous-cube,https://www.aidedd.org/dnd/monstres.php?vo=gelatinous-cube,2,ooze,Large,6,84,,unaligned,,Monster Manual (SRD),14.0,3.0,20.0,1.0,6.0,1.0
kraken,https://www.aidedd.org/dnd/monstres.php?vo=kraken,23,monstrosity (titan),Gargantuan,18,472,swim,chaotic evil,Legendary,Monster Manual (SRD),30.0,11.0,25.0,22.0,18.0,20.0
adult-red-dragon,https://www.aidedd.org/dnd/monstres.php?vo=adult-red-dragon,17,dragon,Huge,19,256,fly,chaotic evil,Legendary,Monster Manual (SRD),27.0,10.0,25.0,16.0,13.0,21.0
deva,https://www.aidedd.org/dnd/monstres.php?vo=deva,10,celestial,Medium,17,136,fly,lawful good,,Monster Manual (SRD),18.0,18.0,18.0,17.0,20.0,20.0
warrior-lvl-4,,0,humanoid (any race),Medium,16,32,,any alignment,,Essentials Kit,,,,,,
brass-dragon-wyrmling,https://www.aidedd.org/dnd/monstres.php?vo=brass-dragon-wyrmling,1,dragon,Medium,16,16,fly,chaotic good,,Monster Manual (SRD),15.0,10.0,13.0,10.0,11.0,13.0
marid,,11,elemental,Large,17,229,"fly, swim",chaotic neutral,,Monster Manual,,,,,,
poisonous-snake,https://www.aidedd.org/dnd/monstres.php?vo=poisonous-snake,1/8,beast,Tiny,13,2,swim,unaligned,,Monster Manual (SRD),2.0,16.0,11.0,1.0,10.0,3.0
warhorse,https://www.aidedd.org/dnd/monstres.php?vo=warhorse,1/2,beast,Large,11,19,,unaligned,,Monster Manual (SRD),18.0,12.0,13.0,2.0,12.0,7.0
leviathan,,20,elemental,Gargantuan,17,328,swim,neutral,,Mordenkainen's Tome of Foes,,,,,,
grell,https://www.aidedd.org/dnd/monstres.php?vo=grell,3,aberration,Medium,12,55,fly,neutral evil,,Monster Manual (BR),15.0,14.0,13.0,12.0,11.0,9.0
merregon,,4,fiend (devil),Medium,16,45,,lawful evil,,Mordenkainen's Tome of Foes,,,,,,
yan-c-bin,,18,elemental,Huge,22,283,fly,neutral evil,,Adventures (Princes of the Apocalypse),,,,,,
flind,https://www.aidedd.org/dnd/monstres.php?vo=flind,9,humanoid (gnoll),Medium,16,127,,chaotic evil,,Volo's Guide to Monsters,20.0,10.0,19.0,11.0,13.0,12.0
astral-dreadnought,https://www.aidedd.org/dnd/monstres.php?vo=astral-dreadnought,21,monstrosity (titan),Gargantuan,20,297,fly,unaligned,Legendary,Mordenkainen's Tome of Foes,28.0,7.0,25.0,5.0,14.0,18.0
martial-arts-adept,,3,humanoid (any race),Medium,16,60,,any alignment,,Volo's Guide to Monsters,,,,,,
enchanter,,5,humanoid (any race),Medium,12,40,,any alignment,,Volo's Guide to Monsters,,,,,,
purple-wormling,,2,monstrosity,Large,12,42,,unaligned,,Adventures (Storm King's Thunder),,,,,,
ancient-shadow,https://www.aidedd.org/dnd/monstres.php?vo=ancient-shadow,1,undead,Medium,13,32,,chaotic evil,,Extra (AideDD),6.0,16.0,14.0,6.0,10.0,8.0
spellcaster-mage-lvl-4,,0,humanoid (any race),Medium,12,22,,any alignment,,Essentials Kit,,,,,,
duodrone,,1/4,construct,Medium,15,11,,lawful neutral,,Monster Manual,,,,,,
marilith,https://www.aidedd.org/dnd/monstres.php?vo=marilith,16,fiend (demon),Large,18,189,,chaotic evil,,Monster Manual (SRD),18.0,20.0,20.0,18.0,16.0,20.0
kraken-priest,,5,humanoid (any race),Medium,10,75,swim,any evil alignment,,Volo's Guide to Monsters,,,,,,
spined-devil,,2,fiend (devil),Small,13,22,fly,lawful evil,,Monster Manual,,,,,,
adult-copper-dragon,https://www.aidedd.org/dnd/monstres.php?vo=adult-copper-dragon,14,dragon,Huge,18,184,fly,chaotic good,Legendary,Monster Manual (SRD),23.0,12.0,21.0,18.0,15.0,17.0
quipper,https://www.aidedd.org/dnd/monstres.php?vo=quipper,0,beast,Tiny,13,1,swim,unaligned,,Monster Manual (SRD),2.0,16.0,9.0,1.0,7.0,2.0
warrior-lvl-5,,0,humanoid (any race),Medium,16,39,,any alignment,,Essentials Kit,,,,,,
ankheg,https://www.aidedd.org/dnd/monstres.php?vo=ankheg,2,monstrosity,Large,14,39,,unaligned,,Monster Manual (SRD),17.0,11.0,13.0,1.0,13.0,6.0
guardian-naga,https://www.aidedd.org/dnd/monstres.php?vo=guardian-naga,10,monstrosity,Large,18,127,,lawful good,,Monster Manual (SRD),19.0,18.0,16.0,16.0,19.0,18.0
dretch,https://www.aidedd.org/dnd/monstres.php?vo=dretch,1/4,fiend (demon),Small,11,18,,chaotic evil,,Monster Manual (SRD),11.0,11.0,12.0,5.0,8.0,3.0
babau,,4,fiend (demon),Medium,16,82,,chaotic evil,,Volo's Guide to Monsters,,,,,,
spellcaster-healer-lvl-1,,0,humanoid (any race),Medium,12,9,,any alignment,,Essentials Kit,,,,,,
mindwitness,https://www.aidedd.org/dnd/monstres.php?vo=mindwitness,5,aberration,Large,15,75,fly,lawful evil,,Volo's Guide to Monsters,10.0,14.0,14.0,15.0,15.0,10.0
spellcaster-healer-lvl-3,,0,humanoid (any race),Medium,12,18,,any alignment,,Essentials Kit,,,,,,
stirge,https://www.aidedd.org/dnd/monstres.php?vo=stirge,1/8,beast,Tiny,14,2,fly,unaligned,,Monster Manual (SRD),4.0,16.0,11.0,2.0,8.0,6.0
deinonychus,,1,beast,Medium,13,26,,unaligned,,Adventures (Tomb of Annihilation),,,,,,
camel,https://www.aidedd.org/dnd/monstres.php?vo=camel,1/8,beast,Large,9,15,,unaligned,,Monster Manual (SRD),16.0,8.0,14.0,2.0,8.0,5.0
stone-giant-dreamwalker,https://www.aidedd.org/dnd/monstres.php?vo=stone-giant-dreamwalker,10,giant (stone giant),Huge,18,161,,chaotic neutral,,Volo's Guide to Monsters,23.0,14.0,21.0,10.0,8.0,12.0
devilroot,https://www.aidedd.org/dnd/monstres.php?vo=devilroot,7,plant,Medium,15,105,,neutral evil,,Extra (AideDD),17.0,11.0,17.0,12.0,14.0,14.0
elder-tempest,,23,elemental,Gargantuan,19,264,fly,neutral,,Mordenkainen's Tome of Foes,,,,,,
dao,https://www.aidedd.org/dnd/monstres.php?vo=dao,11,elemental,Large,18,187,fly,neutral evil,,Monster Manual (BR),23.0,12.0,24.0,12.0,13.0,14.0
strahd-von-zarovich,,15,undead (shapechanger),Medium,16,144,,lawful evil,,Adventures (Curse of Strahd),,,,,,
gibbering-mouther,https://www.aidedd.org/dnd/monstres.php?vo=gibbering-mouther,2,aberration,Medium,9,67,swim,neutral,,Monster Manual (SRD),10.0,8.0,16.0,3.0,10.0,6.0
thri-kreen,,1,humanoid (thri-kreen),Medium,15,33,,chaotic neutral,,Monster Manual,,,,,,
doppelganger,https://www.aidedd.org/dnd/monstres.php?vo=doppelganger,3,monstrosity (shapechanger),Medium,14,52,,neutral,,Monster Manual (SRD),11.0,18.0,14.0,11.0,12.0,14.0
necromite-of-myrkul,,1/2,humanoid (human),Medium,11,13,,neutral evil,,Adventures (Descent into Avernus),,,,,,
pegasus,https://www.aidedd.org/dnd/monstres.php?vo=pegasus,2,celestial,Large,12,59,fly,chaotic good,,Monster Manual (SRD),18.0,15.0,16.0,10.0,15.0,13.0
mage,https://www.aidedd.org/dnd/monstres.php?vo=mage,6,humanoid (any race),Medium,12,40,,any alignment,,Monster Manual (SRD),9.0,14.0,11.0,17.0,12.0,11.0
kobold-scale-sorcerer,,1,humanoid (kobold),Small,15,27,,lawful evil,,Volo's Guide to Monsters,,,,,,
oni,https://www.aidedd.org/dnd/monstres.php?vo=oni,7,giant,Large,16,110,fly,lawful evil,,Monster Manual (SRD),19.0,11.0,16.0,14.0,12.0,15.0
adult-silver-dragon,https://www.aidedd.org/dnd/monstres.php?vo=adult-silver-dragon,16,dragon,Huge,19,243,fly,lawful good,Legendary,Monster Manual (SRD),27.0,10.0,25.0,16.0,13.0,21.0
flying-snake,https://www.aidedd.org/dnd/monstres.php?vo=flying-snake,1/8,beast,Tiny,14,5,"fly, swim",unaligned,,Monster Manual (SRD),4.0,18.0,11.0,2.0,12.0,5.0
drow-mage,https://www.aidedd.org/dnd/monstres.php?vo=drow-mage,7,humanoid (elf),Medium,12,45,,neutral evil,,Monster Manual (BR),9.0,14.0,10.0,17.0,13.0,12.0
tabaxi-hunter,,1,humanoid (tabaxi),Medium,14,40,,chaotic good,,Adventures (Tomb of Annihilation),,,,,,
green-hag,https://www.aidedd.org/dnd/monstres.php?vo=green-hag,3,fey,Medium,17,82,,neutral evil,,Monster Manual (SRD),18.0,12.0,16.0,13.0,14.0,14.0
autumn-eladrin,,10,fey (elf),Medium,19,127,,chaotic neutral,,Mordenkainen's Tome of Foes,,,,,,
skulk,,1/2,humanoid,Medium,14,18,,chaotic neutral,,Mordenkainen's Tome of Foes,,,,,,
unicorn,https://www.aidedd.org/dnd/monstres.php?vo=unicorn,5,celestial,Large,12,67,,lawful good,Legendary,Monster Manual (SRD),18.0,14.0,15.0,11.0,17.0,16.0
evoker,,9,humanoid (any race),Medium,12,66,,any alignment,,Volo's Guide to Monsters,,,,,,
swarm-of-bats,https://www.aidedd.org/dnd/monstres.php?vo=swarm-of-bats,1/4,swarm of Tiny beasts,Medium,12,22,fly,unaligned,,Monster Manual (SRD),5.0,15.0,10.0,2.0,12.0,4.0
tortle,,1/4,humanoid (tortle),Medium,17,22,,lawful good,,Mordenkainen's Tome of Foes,,,,,,
giant-badger,https://www.aidedd.org/dnd/monstres.php?vo=giant-badger,1/4,beast,Medium,10,13,,unaligned,,Monster Manual (SRD),13.0,10.0,15.0,2.0,12.0,5.0
kuo-toa,https://www.aidedd.org/dnd/monstres.php?vo=kuo-toa,1/4,humanoid (kuo-toa),Medium,13,18,swim,neutral evil,,Monster Manual (BR),13.0,10.0,11.0,11.0,10.0,8.0
zaratan,,22,elemental,Gargantuan,21,307,swim,neutral,,Mordenkainen's Tome of Foes,,,,,,
young-green-dragon,https://www.aidedd.org/dnd/monstres.php?vo=young-green-dragon,8,dragon,Large,18,136,"fly, swim",lawful evil,,Monster Manual (SRD),19.0,12.0,17.0,16.0,13.0,15.0
star-spawn-mangler,,5,aberration,Medium,14,71,,chaotic evil,,Mordenkainen's Tome of Foes,,,,,,
djinni,https://www.aidedd.org/dnd/monstres.php?vo=djinni,11,elemental,Large,17,161,fly,chaotic good,,Monster Manual (SRD),21.0,15.0,22.0,15.0,16.0,20.0
swarm-of-ravens,https://www.aidedd.org/dnd/monstres.php?vo=swarm-of-ravens,1/4,swarm of Tiny beasts,Medium,12,24,fly,unaligned,,Monster Manual (SRD),6.0,14.0,8.0,3.0,12.0,6.0
giant-hyena,https://www.aidedd.org/dnd/monstres.php?vo=giant-hyena,1,beast,Large,12,45,,unaligned,,Monster Manual (SRD),16.0,14.0,14.0,2.0,12.0,7.0
titivilus,,16,fiend (devil),Medium,20,127,fly,lawful evil,,Mordenkainen's Tome of Foes,,,,,,
wolf,https://www.aidedd.org/dnd/monstres.php?vo=wolf,1/4,beast,Medium,13,11,,unaligned,,Monster Manual (SRD),12.0,15.0,12.0,3.0,12.0,6.0
blood-hawk,https://www.aidedd.org/dnd/monstres.php?vo=blood-hawk,1/8,beast,Small,12,7,fly,unaligned,,Monster Manual (SRD),6.0,14.0,10.0,3.0,14.0,5.0
gnoll-fang-of-yeenoghu,,4,fiend (gnoll),Medium,14,65,,chaotic evil,,Monster Manual,,,,,,
giant-frog,https://www.aidedd.org/dnd/monstres.php?vo=giant-frog,1/4,beast,Medium,11,18,swim,unaligned,,Monster Manual (SRD),12.0,13.0,11.0,2.0,10.0,3.0
hezrou,https://www.aidedd.org/dnd/monstres.php?vo=hezrou,8,fiend (demon),Large,16,136,,chaotic evil,,Monster Manual (SRD),19.0,17.0,20.0,5.0,12.0,13.0
duergar-despot,,12,humanoid (dwarf),Medium,21,119,,lawful evil,,Mordenkainen's Tome of Foes,,,,,,
minotaur,https://www.aidedd.org/dnd/monstres.php?vo=minotaur,3,monstrosity,Large,14,76,,chaotic evil,,Monster Manual (SRD),18.0,11.0,16.0,6.0,16.0,9.0
shadow-dancer,,7,humanoid (elf),Medium,15,71,,neutral,,Mordenkainen's Tome of Foes,,,,,,
githzerai-monk,,2,humanoid (gith),Medium,14,38,,lawful neutral,,Monster Manual,,,,,,
winged-kobold,https://www.aidedd.org/dnd/monstres.php?vo=winged-kobold,1/4,humanoid (kobold),Small,13,7,fly,lawful evil,,Monster Manual (BR),7.0,16.0,9.0,8.0,7.0,8.0
reef-shark,https://www.aidedd.org/dnd/monstres.php?vo=reef-shark,1/2,beast,Medium,12,22,swim,unaligned,,Monster Manual (SRD),14.0,13.0,13.0,1.0,10.0,4.0
tarrasque,https://www.aidedd.org/dnd/monstres.php?vo=tarrasque,30,monstrosity (titan),Gargantuan,25,676,,unaligned,Legendary,Monster Manual (SRD),30.0,11.0,30.0,3.0,11.0,11.0
kuo-toa-archpriest,https://www.aidedd.org/dnd/monstres.php?vo=kuo-toa-archpriest,6,humanoid (kuo-toa),Medium,13,97,swim,neutral evil,,Monster Manual (BR),16.0,14.0,16.0,13.0,16.0,14.0
adult-oblex,,5,ooze,Medium,14,75,,lawful evil,,Mordenkainen's Tome of Foes,,,,,,
young-copper-dragon,https://www.aidedd.org/dnd/monstres.php?vo=young-copper-dragon,7,dragon,Large,17,119,fly,chaotic good,,Monster Manual (SRD),19.0,12.0,17.0,16.0,13.0,15.0
orthon,,10,fiend (devil),Large,17,105,,lawful evil,,Mordenkainen's Tome of Foes,,,,,,
griffon,https://www.aidedd.org/dnd/monstres.php?vo=griffon,2,monstrosity,Large,12,59,fly,unaligned,,Monster Manual (SRD),18.0,15.0,16.0,2.0,13.0,8.0
reef-manta-ray,https://www.aidedd.org/dnd/monstres.php?vo=reef-manta-ray,1/2,beast,Large,12,16,swim,unaligned,,Extra (AideDD),13.0,12.0,12.0,1.0,12.0,4.0
brontosaurus,,5,beast,Gargantuan,15,121,,unaligned,,Adventures (Tomb of Annihilation),,,,,,
swarm-of-insects,https://www.aidedd.org/dnd/monstres.php?vo=swarm-of-insects,1/2,swarm of Tiny beasts,Medium,12,22,,unaligned,,Monster Manual (SRD),3.0,13.0,10.0,1.0,7.0,1.0
elder-brain,,14,aberration,Large,10,210,swim,lawful evil,Legendary,Volo's Guide to Monsters,,,,,,
narzugon,https://www.aidedd.org/dnd/monstres.php?vo=narzugon,13,fiend (devil),Medium,20,112,,lawful evil,,Mordenkainen's Tome of Foes,20.0,10.0,17.0,16.0,14.0,19.0
githyanki-supreme-commander,,14,humanoid (gith),Medium,18,187,,lawful evil,,Mordenkainen's Tome of Foes,,,,,,
geryon,,22,fiend (devil),Huge,19,300,fly,lawful evil,,Mordenkainen's Tome of Foes,,,,,,
yagnoloth,,11,fiend (yugoloth),Large,17,147,,neutral evil,,Mordenkainen's Tome of Foes,,,,,,
bronze-dragon-wyrmling,https://www.aidedd.org/dnd/monstres.php?vo=bronze-dragon-wyrmling,2,dragon,Medium,17,32,"fly, swim",lawful good,,Monster Manual (SRD),17.0,10.0,15.0,12.0,11.0,15.0
catoblepas,,5,monstrosity,Large,14,84,,unaligned,,Volo's Guide to Monsters,,,,,,
molydeus,,21,fiend (demon),Huge,19,216,,chaotic evil,,Mordenkainen's Tome of Foes,,,,,,
lich,https://www.aidedd.org/dnd/monstres.php?vo=lich,21,undead,Medium,17,135,,any evil alignment,Legendary,Monster Manual (SRD),11.0,16.0,16.0,20.0,14.0,16.0
redcap,,3,fey,Small,13,45,,chaotic evil,,Volo's Guide to Monsters,,,,,,
cult-fanatic,https://www.aidedd.org/dnd/monstres.php?vo=cult-fanatic,2,humanoid (any race),Medium,13,33,,any non-good alignment,,Monster Manual (SRD),11.0,14.0,12.0,10.0,13.0,14.0
riding-horse,https://www.aidedd.org/dnd/monstres.php?vo=riding-horse,1/4,beast,Large,10,13,,unaligned,,Monster Manual (SRD),16.0,10.0,12.0,2.0,11.0,7.0
conjurer,,6,humanoid (any race),Medium,12,40,,any alignment,,Volo's Guide to Monsters,,,,,,
owlbear,https://www.aidedd.org/dnd/monstres.php?vo=owlbear,3,monstrosity,Large,13,59,,unaligned,,Monster Manual (SRD),20.0,12.0,17.0,3.0,12.0,7.0
yeenoghu,,24,fiend (demon),Huge,20,333,,chaotic evil,,Mordenkainen's Tome of Foes,,,,,,
spring-eladrin,,10,fey (elf),Medium,19,127,,chaotic neutral,,Mordenkainen's Tome of Foes,,,,,,
dragonbait,,5,humanoid (saurial),Medium,17,120,,lawful good,,Adventures (Tomb of Annihilation),,,,,,
sprite,https://www.aidedd.org/dnd/monstres.php?vo=sprite,1/4,fey,Tiny,15,2,fly,neutral good,,Monster Manual (SRD),3.0,18.0,10.0,14.0,13.0,11.0
commoner,https://www.aidedd.org/dnd/monstres.php?vo=commoner,0,humanoid (any race),Medium,10,4,,any alignment,,Monster Manual (SRD),10.0,10.0,10.0,10.0,10.0,10.0
xvart-warlock-of-raxivort,,1,humanoid (xvart),Small,12,22,,chaotic evil,,Volo's Guide to Monsters,,,,,,
duergar,https://www.aidedd.org/dnd/monstres.php?vo=duergar,1,humanoid (dwarf),Medium,16,26,,lawful evil,,Monster Manual (SRD),14.0,11.0,14.0,11.0,10.0,9.0
the-angry,,13,monstrosity,Medium,18,255,,neutral evil,,Mordenkainen's Tome of Foes,,,,,,
yeth-hound,,4,fey,Large,14,51,fly,neutral evil,,Volo's Guide to Monsters,,,,,,
iron-consul,,2,humanoid (human),Medium,16,45,,lawful evil,,Adventures (Descent into Avernus),,,,,,
pixie,,1/4,fey,Tiny,15,1,fly,neutral good,,Monster Manual,,,,,,
warlock-of-the-fiend,,7,humanoid (any race),Medium,12,78,,any alignment,,Volo's Guide to Monsters,,,,,,
bodak,,6,undead,Medium,15,58,,chaotic evil,,Volo's Guide to Monsters,,,,,,
xorn,https://www.aidedd.org/dnd/monstres.php?vo=xorn,5,elemental,Medium,19,73,,neutral,,Monster Manual (SRD),17.0,10.0,22.0,11.0,10.0,11.0
death-slaad,,10,aberration (shapechanger),Medium,18,170,,chaotic evil,,Monster Manual,,,,,,
expert-lvl-6,,0,humanoid (any race),Medium,14,38,,any alignment,,Essentials Kit,,,,,,
spellcaster-mage-lvl-2,,0,humanoid (any race),Medium,12,13,,any alignment,,Essentials Kit,,,,,,
blue-slaad,,7,aberration,Large,15,123,,chaotic neutral,,Monster Manual,,,,,,
yuan-ti-abomination,https://www.aidedd.org/dnd/monstres.php?vo=yuan-ti-abomination,7,"monstrosity (shapechanger, yuan-ti)",Large,15,127,,neutral evil,,Monster Manual (BR),19.0,16.0,17.0,17.0,15.0,18.0
giant-fire-beetle,https://www.aidedd.org/dnd/monstres.php?vo=giant-fire-beetle,0,beast,Small,13,4,,unaligned,,Monster Manual (SRD),8.0,10.0,12.0,1.0,7.0,3.0
swarm-of-rats,https://www.aidedd.org/dnd/monstres.php?vo=swarm-of-rats,1/4,swarm of Tiny beasts,Medium,10,24,,unaligned,,Monster Manual (SRD),9.0,11.0,9.0,2.0,10.0,3.0
boggle,,1/8,fey,Small,14,18,,chaotic neutral,,Volo's Guide to Monsters,,,,,,
yuan-ti-nightmare-speaker,https://www.aidedd.org/dnd/monstres.php?vo=yuan-ti-nightmare-speaker,4,"monstrosity (shapechanger, yuan-ti)",Medium,14,71,,neutral evil,,Volo's Guide to Monsters,16.0,14.0,13.0,14.0,12.0,16.0
archer,,3,humanoid (any race),Medium,16,75,,any alignment,,Volo's Guide to Monsters,,,,,,
firenewt-warlock-of-imix,,1,humanoid (firenewt),Medium,10,33,,neutral evil,,Volo's Guide to Monsters,,,,,,
clay-golem,https://www.aidedd.org/dnd/monstres.php?vo=clay-golem,9,construct,Large,14,133,,unaligned,,Monster Manual (SRD),20.0,9.0,18.0,3.0,8.0,1.0
androsphinx,https://www.aidedd.org/dnd/monstres.php?vo=androsphinx,17,monstrosity,Large,17,199,fly,lawful neutral,Legendary,Monster Manual (SRD),22.0,10.0,20.0,16.0,18.0,23.0
magmin,https://www.aidedd.org/dnd/monstres.php?vo=magmin,1/2,elemental,Small,14,9,,chaotic neutral,,Monster Manual (SRD),7.0,15.0,12.0,8.0,11.0,10.0
giant-poisonous-snake,https://www.aidedd.org/dnd/monstres.php?vo=giant-poisonous-snake,1/4,beast,Medium,14,11,swim,unaligned,,Monster Manual (SRD),10.0,18.0,13.0,2.0,10.0,3.0
crokek-toeck,,14,fiend (demon),Gargantuan,15,297,swim,chaotic evil,,Adventures (Descent into Avernus),,,,,,
spellcaster-healer-lvl-2,,0,humanoid (any race),Medium,12,13,,any alignment,,Essentials Kit,,,,,,
olhydra,,18,elemental,Huge,18,324,swim,neutral evil,,Adventures (Princes of the Apocalypse),,,,,,
carrion-crawler,,2,monstrosity,Large,13,51,,unaligned,,Monster Manual,,,,,,
sahuagin-baron,,5,humanoid (sahuagin),Large,16,76,swim,lawful evil,,Monster Manual,,,,,,
night-blade,,1/4,humanoid (human),Medium,12,11,,chaotic evil,,Adventures (Descent into Avernus),,,,,,
duergar-warlord,,6,humanoid (dwarf),Medium,20,75,,lawful evil,,Mordenkainen's Tome of Foes,,,,,,
grimlock,https://www.aidedd.org/dnd/monstres.php?vo=grimlock,1/4,humanoid (grimlock),Medium,11,11,,neutral evil,,Monster Manual (SRD),16.0,12.0,12.0,9.0,8.0,6.0
sea-hag,https://www.aidedd.org/dnd/monstres.php?vo=sea-hag,2,fey,Medium,14,52,swim,chaotic evil,,Monster Manual (SRD),16.0,13.0,16.0,12.0,12.0,13.0
ambush-drake,,1/2,dragon,Medium,13,22,,unaligned,,Adventures (Tyranny of Dragons),,,,,,
githyanki-gish,,10,humanoid (gith),Medium,17,123,,lawful evil,,Mordenkainen's Tome of Foes,,,,,,
adult-black-dragon,https://www.aidedd.org/dnd/monstres.php?vo=adult-black-dragon,14,dragon,Huge,19,195,"fly, swim",chaotic evil,Legendary,Monster Manual (SRD),23.0,14.0,21.0,14.0,13.0,17.0
displacer-beast,,3,monstrosity,Large,13,85,,lawful evil,,Monster Manual,,,,,,
cranium-rat,,0,beast,Tiny,12,2,,lawful evil,,Volo's Guide to Monsters,,,,,,
wraith,https://www.aidedd.org/dnd/monstres.php?vo=wraith,5,undead,Medium,13,67,fly,neutral evil,,Monster Manual (SRD),6.0,16.0,16.0,12.0,14.0,15.0
spirit-troll,,11,giant,Large,17,97,,chaotic evil,,Mordenkainen's Tome of Foes,,,,,,
azer,https://www.aidedd.org/dnd/monstres.php?vo=azer,2,elemental,Medium,17,39,,lawful neutral,,Monster Manual (SRD),17.0,12.0,15.0,12.0,13.0,10.0
cockatrice,https://www.aidedd.org/dnd/monstres.php?vo=cockatrice,1/2,monstrosity,Small,11,27,fly,unaligned,,Monster Manual (SRD),6.0,12.0,12.0,2.0,13.0,5.0
druid,https://www.aidedd.org/dnd/monstres.php?vo=druid,2,humanoid (any race),Medium,11,27,,any alignment,,Monster Manual (SRD),10.0,12.0,13.0,12.0,15.0,11.0
ogre-bolt-launcher,,2,giant,Large,13,59,,chaotic evil,,Mordenkainen's Tome of Foes,,,,,,
hyena,https://www.aidedd.org/dnd/monstres.php?vo=hyena,0,beast,Medium,11,5,,unaligned,,Monster Manual (SRD),11.0,13.0,12.0,2.0,12.0,5.0
warrior-lvl-1,,0,humanoid (any race),Medium,16,13,,any alignment,,Essentials Kit,,,,,,
vampire,https://www.aidedd.org/dnd/monstres.php?vo=vampire,13,undead (shapechanger),Medium,16,144,,lawful evil,Legendary,Monster Manual (SRD),18.0,18.0,18.0,17.0,15.0,18.0
scout,https://www.aidedd.org/dnd/monstres.php?vo=scout,1/2,humanoid (any race),Medium,13,16,,any alignment,,Monster Manual (SRD),11.0,14.0,12.0,11.0,13.0,11.0
red-abishai,,19,fiend (devil),Medium,22,255,fly,lawful evil,,Mordenkainen's Tome of Foes,,,,,,
chasme,,6,fiend (demon),Large,15,84,fly,chaotic evil,,Monster Manual,,,,,,
giant-constrictor-snake,https://www.aidedd.org/dnd/monstres.php?vo=giant-constrictor-snake,2,beast,Huge,12,60,swim,unaligned,,Monster Manual (SRD),19.0,14.0,12.0,1.0,10.0,3.0
spellcaster-healer-lvl-5,,0,humanoid (any race),Medium,12,27,,any alignment,,Essentials Kit,,,,,,
giant-ape,https://www.aidedd.org/dnd/monstres.php?vo=giant-ape,7,beast,Huge,12,157,,unaligned,,Monster Manual (SRD),23.0,14.0,18.0,7.0,12.0,7.0
tri-flower-frond,,1/2,plant,Medium,10,11,,unaligned,,Adventures (Tomb of Annihilation),,,,,,
apprentice-wizard,,1/4,humanoid (any race),Medium,10,9,,any alignment,,Volo's Guide to Monsters,,,,,,
giant-eagle,https://www.aidedd.org/dnd/monstres.php?vo=giant-eagle,1,beast,Large,13,26,fly,neutral good,,Monster Manual (SRD),16.0,17.0,13.0,8.0,14.0,10.0
stone-cursed,,1,construct,Medium,17,19,,lawful evil,,Mordenkainen's Tome of Foes,,,,,,
storm-giant-quintessent,,16,giant (storm giant),Huge,12,230,"fly, swim",chaotic good,,Volo's Guide to Monsters,,,,,,
derro,,1/4,humanoid (derro),Small,13,13,,chaotic evil,,Mordenkainen's Tome of Foes,,,,,,
dust-mephit,https://www.aidedd.org/dnd/monstres.php?vo=dust-mephit,1/2,elemental,Small,12,17,fly,neutral evil,,Monster Manual (SRD),5.0,14.0,10.0,9.0,11.0,10.0
constrictor-snake,https://www.aidedd.org/dnd/monstres.php?vo=constrictor-snake,1/4,beast,Large,12,13,swim,unaligned,,Monster Manual (SRD),15.0,14.0,12.0,1.0,10.0,3.0
vampire-spawn,https://www.aidedd.org/dnd/monstres.php?vo=vampire-spawn,5,undead,Medium,15,82,,neutral evil,,Monster Manual (SRD),16.0,16.0,16.0,11.0,10.0,12.0
water-weird,https://www.aidedd.org/dnd/monstres.php?vo=water-weird,3,elemental,Large,13,58,swim,neutral,,Monster Manual (BR),17.0,16.0,13.0,11.0,10.0,10.0
mezzoloth,https://www.aidedd.org/dnd/monstres.php?vo=mezzoloth,5,fiend (yugoloth),Medium,18,75,,neutral evil,,Monster Manual (BR),18.0,11.0,16.0,7.0,10.0,11.0
cloaker,https://www.aidedd.org/dnd/monstres.php?vo=cloaker,8,aberration,Large,14,78,fly,chaotic neutral,,Monster Manual (SRD),17.0,15.0,12.0,13.0,12.0,14.0
hobgoblin-warlord,,6,humanoid (goblinoid),Medium,20,97,,lawful evil,,Monster Manual,,,,,,
goblin,https://www.aidedd.org/dnd/monstres.php?vo=goblin,1/4,humanoid (goblinoid),Small,15,7,,neutral evil,,Monster Manual (SRD),8.0,14.0,10.0,10.0,8.0,8.0
ettin,https://www.aidedd.org/dnd/monstres.php?vo=ettin,4,giant,Large,12,85,,chaotic evil,,Monster Manual (SRD),21.0,8.0,17.0,6.0,10.0,8.0
bulette,https://www.aidedd.org/dnd/monstres.php?vo=bulette,5,monstrosity,Large,17,94,,unaligned,,Monster Manual (SRD),19.0,11.0,21.0,2.0,10.0,5.0
morkoth,,11,aberration,Medium,17,130,swim,chaotic evil,,Volo's Guide to Monsters,,,,,,
drow-shadowblade,,11,humanoid (elf),Medium,17,150,,neutral evil,,Mordenkainen's Tome of Foes,,,,,,
ogremoch,,20,elemental,Gargantuan,20,526,,neutral evil,,Adventures (Princes of the Apocalypse),,,,,,
sibriex,https://www.aidedd.org/dnd/monstres.php?vo=sibriex,18,fiend (demon),Huge,19,150,fly,chaotic evil,Legendary,Mordenkainen's Tome of Foes,10.0,3.0,23.0,25.0,24.0,25.0
gynosphinx,https://www.aidedd.org/dnd/monstres.php?vo=gynosphinx,11,monstrosity,Large,17,136,fly,lawful neutral,Legendary,Monster Manual (SRD),18.0,15.0,16.0,18.0,18.0,18.0
stone-juggernaut,,12,construct,Large,15,157,,unaligned,,Adventures (Tomb of Annihilation),,,,,,
ice-toad,,1,monstrosity,Medium,12,32,swim,neutral,,Adventures (Tyranny of Dragons),,,,,,
triceratops,https://www.aidedd.org/dnd/monstres.php?vo=triceratops,5,beast,Huge,13,95,,unaligned,,Monster Manual (SRD),22.0,9.0,17.0,2.0,11.0,5.0
grick-alpha,,7,monstrosity,Large,18,75,,neutral,,Monster Manual,,,,,,
arcanaloth,,12,fiend (yugoloth),Medium,17,104,fly,neutral evil,,Monster Manual,,,,,,
hellwasp,,5,fiend,Large,19,52,fly,lawful evil,,Adventures (Descent into Avernus),,,,,,
hobgoblin-iron-shadow,https://www.aidedd.org/dnd/monstres.php?vo=hobgoblin-iron-shadow,2,humanoid (goblinoid),Medium,15,32,,lawful evil,,Volo's Guide to Monsters,14.0,16.0,15.0,14.0,15.0,11.0
assassin-vine,,3,plant,Large,13,85,,unaligned,,Adventures (Tomb of Annihilation),,,,,,
priest,https://www.aidedd.org/dnd/monstres.php?vo=priest,2,humanoid (any race),Medium,13,27,,any alignment,,Monster Manual (SRD),10.0,10.0,12.0,13.0,16.0,13.0
adult-blue-dracolich,,17,undead,Huge,19,225,fly,lawful evil,Legendary,Monster Manual,,,,,,
water-elemental-myrmidon,,7,elemental,Medium,18,127,swim,neutral,,Mordenkainen's Tome of Foes,,,,,,
white-dragon-wyrmling,https://www.aidedd.org/dnd/monstres.php?vo=white-dragon-wyrmling,2,dragon,Medium,16,32,"fly, swim",chaotic evil,,Monster Manual (SRD),14.0,10.0,14.0,5.0,10.0,11.0
guard-drake,,2,dragon,Medium,14,52,,unaligned,,Volo's Guide to Monsters,,,,,,
moloch,https://www.aidedd.org/dnd/monstres.php?vo=moloch,21,fiend (devil),Large,19,253,,lawful evil,Legendary,Mordenkainen's Tome of Foes,26.0,19.0,22.0,21.0,18.0,23.0
werewolf,https://www.aidedd.org/dnd/monstres.php?vo=werewolf,3,"humanoid (human, shapechanger)",Medium,11,58,,chaotic evil,,Monster Manual (SRD),15.0,13.0,14.0,10.0,11.0,10.0
orcus,https://www.aidedd.org/dnd/monstres.php?vo=orcus,26,fiend (demon),Huge,17,405,fly,chaotic evil,Legendary,Mordenkainen's Tome of Foes,27.0,14.0,25.0,20.0,20.0,25.0
bulezau,,3,fiend (demon),Medium,14,52,,chaotic evil,,Mordenkainen's Tome of Foes,,,,,,
peryton,https://www.aidedd.org/dnd/monstres.php?vo=peryton,2,monstrosity,Medium,13,33,fly,chaotic evil,,Monster Manual (BR),16.0,12.0,13.0,9.0,12.0,10.0
hobgoblin,https://www.aidedd.org/dnd/monstres.php?vo=hobgoblin,1/2,humanoid (goblinoid),Medium,18,11,,lawful evil,,Monster Manual (SRD),13.0,12.0,12.0,10.0,10.0,9.0
lemure,https://www.aidedd.org/dnd/monstres.php?vo=lemure,0,fiend (devil),Medium,7,13,,lawful evil,,Monster Manual (SRD),10.0,5.0,11.0,1.0,11.0,3.0
pentadrone,,2,construct,Large,16,32,,lawful neutral,,Monster Manual,,,,,,
aurochs,https://www.aidedd.org/dnd/monstres.php?vo=aurochs,2,beast,Large,11,38,,unaligned,,Volo's Guide to Monsters,20.0,10.0,19.0,2.0,12.0,5.0
frost-salamander,,9,elemental,Huge,17,168,,unaligned,,Mordenkainen's Tome of Foes,,,,,,
behir,https://www.aidedd.org/dnd/monstres.php?vo=behir,11,monstrosity,Huge,17,168,,neutral evil,,Monster Manual (SRD),23.0,16.0,18.0,7.0,14.0,12.0
nightmare,https://www.aidedd.org/dnd/monstres.php?vo=nightmare,3,fiend,Large,13,68,fly,neutral evil,,Monster Manual (SRD),18.0,15.0,16.0,10.0,13.0,15.0
lizardfolk-shaman,https://www.aidedd.org/dnd/monstres.php?vo=lizardfolk-shaman,2,humanoid (lizardfolk),Medium,13,27,swim,neutral,,Monster Manual (BR),15.0,10.0,13.0,10.0,15.0,8.0
eblis,,1,monstrosity,Large,13,26,fly,neutral evil,,Adventures (Tomb of Annihilation),,,,,,
bandit-captain,https://www.aidedd.org/dnd/monstres.php?vo=bandit-captain,2,humanoid (any race),Medium,15,65,,any non-lawful alignment,,Monster Manual (SRD),15.0,16.0,14.0,14.0,11.0,14.0
crawling-claw,https://www.aidedd.org/dnd/monstres.php?vo=crawling-claw,0,undead,Tiny,12,2,,neutral evil,,Monster Manual (BR),13.0,14.0,11.0,5.0,10.0,4.0
korred,,7,fey,Small,17,102,,chaotic neutral,,Volo's Guide to Monsters,,,,,,
will-o--wisp,https://www.aidedd.org/dnd/monstres.php?vo=will-o--wisp,2,undead,Tiny,19,22,fly,chaotic evil,,Monster Manual (SRD),1.0,28.0,10.0,13.0,14.0,11.0
dryad,https://www.aidedd.org/dnd/monstres.php?vo=dryad,1,fey,Medium,11,22,,neutral,,Monster Manual (SRD),10.0,12.0,11.0,14.0,15.0,18.0
ochre-jelly,https://www.aidedd.org/dnd/monstres.php?vo=ochre-jelly,2,ooze,Large,8,45,,unaligned,,Monster Manual (SRD),15.0,6.0,14.0,2.0,6.0,1.0
storm-giant,https://www.aidedd.org/dnd/monstres.php?vo=storm-giant,13,giant,Huge,16,230,swim,chaotic good,,Monster Manual (SRD),29.0,14.0,20.0,16.0,18.0,18.0
giant-crocodile,https://www.aidedd.org/dnd/monstres.php?vo=giant-crocodile,5,beast,Huge,14,85,swim,unaligned,,Monster Manual (SRD),21.0,9.0,17.0,2.0,10.0,7.0
giant-weasel,https://www.aidedd.org/dnd/monstres.php?vo=giant-weasel,1/8,beast,Medium,13,9,,unaligned,,Monster Manual (SRD),11.0,16.0,10.0,4.0,12.0,5.0
yuan-ti-mind-whisperer,,4,"monstrosity (shapechanger, yuan-ti)",Medium,14,71,,neutral evil,,Volo's Guide to Monsters,,,,,,
yellow-musk-creeper,,2,plant,Medium,6,60,,unaligned,,Adventures (Tomb of Annihilation),,,,,,
vrock,https://www.aidedd.org/dnd/monstres.php?vo=vrock,6,fiend (demon),Large,15,104,fly,chaotic evil,,Monster Manual (SRD),17.0,15.0,18.0,8.0,13.0,8.0
night-hag,https://www.aidedd.org/dnd/monstres.php?vo=night-hag,5,fiend,Medium,17,112,,neutral evil,,Monster Manual (SRD),18.0,15.0,16.0,16.0,14.0,16.0
devourer,,13,fiend,Large,16,178,,chaotic evil,,Volo's Guide to Monsters,,,,,,
ogre-howdah,,2,giant,Large,13,59,,chaotic evil,,Mordenkainen's Tome of Foes,,,,,,
spider,https://www.aidedd.org/dnd/monstres.php?vo=spider,0,beast,Tiny,12,1,,unaligned,,Monster Manual (SRD),2.0,14.0,8.0,1.0,10.0,2.0
white-abishai,,6,fiend (devil),Medium,15,68,fly,lawful evil,,Mordenkainen's Tome of Foes,,,,,,
intellect-devourer,,2,aberration,Tiny,12,21,,lawful evil,,Monster Manual,,,,,,
giant-scorpion,https://www.aidedd.org/dnd/monstres.php?vo=giant-scorpion,3,beast,Large,15,52,,unaligned,,Monster Manual (SRD),15.0,13.0,15.0,1.0,9.0,3.0
piercer,https://www.aidedd.org/dnd/monstres.php?vo=piercer,1/2,monstrosity,Medium,15,22,,unaligned,,Monster Manual (BR),10.0,13.0,16.0,1.0,7.0,3.0
bullywug,https://www.aidedd.org/dnd/monstres.php?vo=bullywug,1/4,humanoid (bullywug),Medium,15,11,swim,neutral evil,,Monster Manual (BR),12.0,12.0,13.0,7.0,10.0,7.0
black-bear,https://www.aidedd.org/dnd/monstres.php?vo=black-bear,1/2,beast,Medium,11,19,,unaligned,,Monster Manual (SRD),15.0,10.0,14.0,2.0,12.0,7.0
flameskull,https://www.aidedd.org/dnd/monstres.php?vo=flameskull,4,undead,Tiny,13,40,fly,neutral evil,,Monster Manual (SRD),1.0,17.0,14.0,16.0,10.0,11.0
yuan-ti-pit-master,,5,"monstrosity (shapechanger, yuan-ti)",Medium,14,88,,neutral evil,,Volo's Guide to Monsters,,,,,,
winter-eladrin,,10,fey (elf),Medium,19,127,,chaotic neutral,,Mordenkainen's Tome of Foes,,,,,,
nothic,https://www.aidedd.org/dnd/monstres.php?vo=nothic,2,aberration,Medium,15,45,,neutral evil,,Monster Manual,14.0,16.0,16.0,13.0,10.0,8.0
su-monster,,1,monstrosity,Medium,12,27,,chaotic evil,,Adventures (Tomb of Annihilation),,,,,,
bard,,2,humanoid (any race),Medium,15,44,,any alignment,,Volo's Guide to Monsters,,,,,,
gloom-weaver,,9,humanoid (elf),Medium,14,104,,neutral,,Mordenkainen's Tome of Foes,,,,,,
mummy,https://www.aidedd.org/dnd/monstres.php?vo=mummy,3,undead,Medium,11,58,,lawful evil,,Monster Manual (SRD),16.0,8.0,15.0,6.0,10.0,12.0
maw-demon,,1,fiend (demon),Medium,13,33,,chaotic evil,,Volo's Guide to Monsters,,,,,,
ankylosaurus,https://www.aidedd.org/dnd/monstres.php?vo=ankylosaurus,3,beast,Huge,15,68,,unaligned,,Monster Manual (SRD),19.0,11.0,15.0,2.0,12.0,5.0
maurezhi,,7,fiend (demon),Medium,15,88,,chaotic evil,,Mordenkainen's Tome of Foes,,,,,,
wood-woad,,5,plant,Medium,18,75,,lawful neutral,,Volo's Guide to Monsters,,,,,,
xvart,,1/8,humanoid (xvart),Small,13,7,,chaotic evil,,Volo's Guide to Monsters,,,,,,
